id_linea,id_ramal,node_id,order,y,x
1,1,1,1,-34.621145,-58.380778
1,1,2,2,-34.613297,-58.381052
1,1,3,3,-34.609655,-58.389516
1,2,1,1,-34.621145,-58.380778
1,2,2,2,-34.613297,-58.381052
1,2,4,3,-34.608512,-58.372952
1,3,1,1,-34.621145,-58.380778
1,3,2,2,-34.613297,-58.381052
